Actual Prices,Predicted Prices
1251688.6157028745,1260960.7056762725
873048.3196423554,827588.7556032892
1696977.6628325956,1742421.2425434384
1063964.287873947,974625.3873989331
948788.2757094484,998717.8420198811
730043.6450595969,645754.0883667325
1166925.1461488248,1083215.9091546978
705444.1167909042,855334.9487235369
1499988.8795226102,1445671.4003059175
1288199.1527291734,1202846.0143898148
1441736.7608375724,1453523.0932085207
1279681.154396593,1300542.3133337223
1754969.16194479,1733528.8060657876
1511653.454803501,1341624.3429648336
1441956.2019363926,1391232.4267379213
1119992.6188354518,1225767.5181172164
727866.5251679078,618354.4262642819
1138885.104005277,966203.198914161
1074263.3172363583,1221416.1751375613
1386473.3653813817,1200407.5840991214
404643.60224269313,511454.9256355581
1449829.493750261,1767174.7795935683
1775874.7601040124,1855388.6927825157
1202050.5842604076,1200300.8312457022
1105737.4615438494,1064847.4628644567
1835564.6892077709,1811869.2228306923
1795428.7743897976,1769580.5875804918
1424283.373183943,1440985.6122159106
1365945.0827829945,1388078.3409561068
1492011.495862129,1544901.834343276
624432.9659944219,729009.371127008
1827476.1960615185,1757813.9500310365
1575680.036970013,1464186.7064188863
1051519.065766143,1031583.3943269146
1454681.9367671097,1287508.4293181738
973197.775347568,912315.765673269
1166750.3128596384,1185050.6028712755
883021.8963767654,998348.9632949354
1329800.0461904877,1328377.1612586854
743212.4194633622,781077.2362461998
1412144.508444236,1393085.2533512693
723750.0652577134,577488.0226282356
728402.000075194,828358.6355239912
1845325.3567773984,1899544.8355469368
1708127.5780654566,1675087.4712612554
922054.1319412548,971591.0406101858
1243879.8299386548,1131053.5659582247
882057.1705928424,797619.6996645317
1050239.9038404576,1164820.033319204
1521141.3453009825,1475837.5119133508
1534111.5806179212,1460010.2757049585
1221823.704469835,1161333.3846803652
1279803.950080495,1101593.8897729218
1203623.8408419904,1359801.5993238045
776906.326934832,845721.0997525877
1143377.601699577,988618.5875334195
1148720.9050037193,1123816.1330754473
1129798.3727253522,1256061.799402235
1388596.243304004,1428491.5711607067
727366.947448545,501890.34384816047
1500821.46909593,1465556.0216427878
1059406.1303480302,1111763.9766890644
750119.7266122982,658035.5527297105
1246830.1884286287,1248130.6459659715
1445731.6259433646,1349720.862284903
1352547.6933606025,1353984.6298790714
786430.8996307264,819510.3474628655
1400498.2675747594,1488066.6427897396
1454699.2314104706,1399366.7505045193
996924.6914267289,884890.7416265383
914325.029151274,858595.0011433237
1324382.1755828236,1214521.1959153288
1211442.9407654293,1104148.6452049743
1740719.10656986,1832196.019709765
837540.1697407691,924049.3521055379
831471.5304107015,855322.0377474516
894203.5715459331,826846.5278383554
1295014.6182810178,1399302.2698922306
773360.6979872095,778249.892834424
1735826.005205352,1643043.7204727298
1089601.88163052,1083353.7078017145
1560838.450232807,1356241.5909907157
1359762.6936754046,1320548.1178052938
1348873.4268637958,1206845.4442821993
555811.4067429452,756183.2283361396
745523.8383444332,653768.7366525959
896303.7991791363,1064215.7512563998
1382172.2937066122,1389379.4219062491
1027311.507673405,1032945.5602137921
1183272.5108070918,1295784.4381623678
674817.5428265561,553100.5478848144
1587350.293656894,1706820.147348863
861013.9460775609,844640.9563633078
1456969.5768219477,1628500.6431586994
920498.9373832784,1051340.198572781
987004.0836743772,947440.7604984902
1237224.8587518162,1188563.7417857707
1390870.0954755268,1559937.4652988492
814879.206289094,901206.5378490724
1086447.5106632377,995616.7737171315
1205212.2919847155,1222851.4909067806
1641226.5842989285,1592702.5879049422
1101239.492185515,981526.0457796752
1443470.037082047,1428773.7312917649
865816.6759261268,1016513.2501528021
1603268.2110607368,1451523.5179975284
792449.5430652391,877897.8185952408
939040.0035601156,833137.3651143797
897479.9501690639,1029993.8523752848
1898168.6840543696,1840635.694864125
1877941.971423074,1928180.364116054
1321388.619330872,1408835.1281071836
1218635.851406522,1040485.0145684932
1046818.06975883,1063086.2778666215
1462422.2560780605,1440078.0446849759
1020536.1908295144,1031307.2841776856
1356146.2608426227,1192306.9687221614
1474546.7621461137,1410181.8953546528
1167918.058868265,1262435.5940821348
1794014.297854993,1562022.5108404225
689155.5684279174,764562.4991489877
1190213.5129050135,1390803.3337798775
2120888.345209633,2083748.399897012
1472809.4869159523,1469355.9923404679
1172188.1935091391,1324762.4942931524
1315828.8598351076,1314636.3117745952
911656.1052977764,924129.2574031642
685775.5980289889,784111.2231643521
1856211.350359604,1677675.2714708243
1079000.316267436,1172966.1080893865
936864.687834366,867097.0383170042
714148.4147529015,831845.6639987379
1523915.1446841708,1555631.9258505367
842235.8033529122,814625.3742423691
686644.610408734,632760.739339367
1085534.178573738,1235657.94846512
1064939.5225198085,1006734.9327656897
1072253.833655116,1132923.023677378
1760880.447507333,1761684.4006702732
1186019.796113567,1187684.985162865
481391.6433219672,589759.6339013623
1481940.7615078837,1393809.6608151607
1574181.7317531754,1385366.322222813
1816152.2669641247,1732613.1056894064
1110394.025220747,1171444.553224836
1030729.5831522896,1016779.0343452902
1727982.9870259946,1728910.6950279335
1309937.3987664254,1099285.189841995
1554301.938081737,1647018.0766631095
1419536.2589499224,1427915.929276158
1309829.9356107984,1372601.4516825732
1012321.5738436627,960910.5353583293
1705889.8866984083,1761628.7007400403
1028683.0448748892,1217533.2791833198
1110525.988673923,1226227.9266212857
839745.6833340527,956037.158648978
1240754.932046382,1238663.3772617253
1341449.5715910238,1261534.380505005
1366405.9719604012,1277196.042294053
1014226.2985707616,1126430.8438513288
1512578.5529247157,1512089.596075947
1699952.8144478828,1560751.4497455424
925394.135004886,806017.5714970878
1626368.6673131543,1548955.3884252002
1280910.189933004,1278939.401596243
1110931.8257023671,1054376.4282165887
1239459.8148165469,1256725.4089547717
1676172.304855517,1651378.535795101
937628.3466936616,1107235.2211313331
483986.10899252974,479391.26082101604
1473071.9543045457,1651520.7889120476
1336377.8252537115,1316131.2589681647
1739761.372611396,1665507.3072940744
1599911.367564835,1669733.1475687
1673294.2461963831,1691449.9403368393
1808341.465666734,1811540.925507987
1669681.2313844662,1561130.5525575252
777144.2542493446,871653.1725792498
1229702.9483640655,1388133.815833279
1479295.570937294,1592997.9513844065
1213351.6322268366,1395691.967825151
1188255.081499023,1131726.0582123208
1406437.6853738874,1458779.9538538978
962591.6565767032,891374.4719057907
934408.7142813632,931698.5140682231
1098518.1336854908,1124304.2558884076
1063069.916425088,1193323.7054403163
1064685.698733535,1091592.9455919676
1404540.75846632,1348963.8110688468
1102821.4381808082,1104536.6239701067
1053891.644863874,1046456.3076230045
1817829.5296757591,1843058.8252207283
1128045.1047880338,1275068.5416101771
1182459.7716636744,1197160.866323636
2050594.045506314,1990136.1205035923
1057697.7028297973,1176744.2652214738
533386.7712388085,667583.0367867039
1578141.0531342432,1516392.1069089249
1239318.1308763127,1212260.1182414433
1182670.135034575,1128719.052183846
1598615.9744864176,1739330.7525998969
966084.4204303528,871169.4443347258
1025701.5949167036,974154.7236270932
1314770.4699493768,1332469.1004049173
1128895.1249507668,911575.2431429196
1473680.6037391997,1329757.9835205935
1440106.863891462,1271176.779888236
983994.2668686192,969685.5450954232
1065907.0809130038,1237366.8578785965
2059301.3434198145,1994675.9940279396
1471746.5551187624,1499397.5831728587
1161457.8482887049,1144506.386817858
1825858.2550705376,1889168.1669831695
1693693.5531272253,1541367.094413715
1246791.0287114407,1257269.8752627186
1167621.046449695,1267247.9136560145
1405059.641674222,1336569.1831259215
294170.746352692,254359.7625107849
1181663.4835711485,1132978.9324988518
1085218.858707077,1250303.3325272594
1418045.7187906946,1365428.4446447785
1661592.7891103032,1732393.2679748489
980141.2191076672,1052121.0039621042
885920.553249364,1057655.7264412926
1445804.8316514797,1426851.8991417056
812512.2412531745,931652.728254322
856383.5013562267,873305.0591678619
1739893.5550495968,1645672.6163207013
1384787.457430071,1185589.223621942
1353729.53334886,1342919.2268913696
889845.6011902957,819458.1790075805
1494241.2261904366,1567414.747093861
1290043.366614489,1353045.0508653466
1813856.3141206936,1815382.6821094481
1306207.1106829576,1260538.1936436184
1165877.6686129526,1229246.9928772287
661043.3565144942,652343.9033379462
1273631.2670727102,1332032.9662070433
288708.9121479006,396980.05291141523
1317234.042879586,1289210.071099895
1238396.412062526,1354459.9263405818
1605398.5719999787,1596178.0992488405
946182.0501766272,1021632.661439132
1073857.0687590768,1159334.3510932364
1619721.7162305776,1482395.22158464
1594415.2262912183,1609847.3420305727
1210184.01761757,1335312.9301303304
1846350.0200436213,1783876.3471833197
1772390.553273201,1793447.9551185481
989643.0313890134,951394.7319498048
1087802.8877692306,1242179.7973554353
1085101.324005708,1136657.772654974
1417691.112792915,1508191.0407987083
1397341.8559937114,1172886.5091830348
1533492.7965596502,1576351.5243063476
1522083.944153087,1615885.2330751987
266298.8811183604,327611.0402500578
492984.5946724443,422942.4768488961
729989.3499281745,811331.3037640061
1562887.224519957,1808897.0778969834
965136.3385167392,1159132.3872322217
1249173.6911755214,1289266.6623336729
401148.5687913792,488988.84931371734
1351007.0408580992,1363457.3965752171
1723706.7585228554,1793468.6693886928
557228.7841971011,533388.8896618574
1000713.586327404,900341.7399058305
1205706.714723642,1232709.343990523
1288490.2684409255,1212377.771067244
1094574.185214063,1146287.4295738456
1501497.532370449,1545046.2367378375
1421216.5044408585,1399612.354941621
818057.8953027214,814215.9716072995
828127.0276465778,916345.9904578198
1729559.809131306,1723349.6340810107
982344.8120638996,1074743.558175113
1122083.2511626473,1265962.4753821166
1620949.4369105955,1559388.3099554935
1176111.78829563,1149953.5762243886
1194191.8785113744,1087207.4897087454
1518787.7610306498,1722615.5168483723
1385783.5170925185,1399186.708832567
1122240.3639845713,1097796.3389323358
1671669.451734201,1641393.778333472
1135676.1831042888,1062423.614446098
1859883.6612404825,1729046.9429540187
1214482.378653457,1040684.5604980579
1506798.7549083135,1364486.7097207648
1518706.282893025,1349432.19082116
1289042.121469333,1332996.021222976
948366.9678974455,997310.0247926749
1363106.125282448,1343345.5607126132
1232209.4762014195,1130258.818431906
1524621.7282514698,1562977.1203691233
1492786.6274919594,1713375.5191573817
1976170.089433933,2038952.128517354
806121.8394432169,832342.0431254203
961354.287727855,1047501.5594659373
1202987.8293471355,1139931.208762281
904785.1631560352,941123.8147177277
1217021.518740754,1374460.0603675302
854812.2579554294,818674.0236316915
1281741.1633804708,1249536.7818335588
1446597.122057405,1367520.3726326562
1460450.981476153,1500542.7411038931
2275455.305532437,2225500.048345359
585608.6326222321,778523.7483078395
1178272.2974772786,1192626.6213602815
1002974.2146829072,1099310.2112857131
1367641.27038369,1273539.9352333057
1580691.6168731612,1625347.5274027474
867044.9596419198,921746.599252779
1158171.72512284,1009357.4562649853
1551094.8149781222,1593603.856005717
856261.615200036,849261.1118006958
931357.9954219256,847204.501159688
485533.68035768607,574058.0914090471
1869886.305262404,1801513.4152919138
1381117.7013514298,1486434.3691168996
1726719.066744131,1680233.4095779397
1244631.5193582582,1234059.8520407113
1270047.528129398,1356748.8558582747
1250882.2917570665,1102708.6794699654
1228978.2329648542,1196618.6359420172
1052567.6986714758,1125310.2929338315
963655.5773858128,1077745.4297640435
1104701.234420732,1044616.0023034564
2056692.7682508717,2011897.545272003
805433.7396581171,753806.7432114794
984349.6141548756,1129598.8191587534
1537310.6164231747,1354844.7895820145
1481946.194076499,1582284.2149748309
1107077.912966575,1133547.9357766835
1049823.9959112804,1129580.625325183
1656080.0890892637,1555944.0668295305
1510659.228170966,1470195.3511158535
1168993.7588005515,1172321.8406948568
1014548.2326294322,1060818.0563505907
1914072.947788136,1732601.3960839221
1082825.6379373989,1100994.3157351506
1919693.23049382,1878780.406682047
1012768.7562290148,954239.4265662013
152071.87474956046,228398.411807199
1394518.4154676315,1471473.571879059
1422195.8794505682,1350570.6735824305
1876746.4866277915,1967674.6878270004
503065.50562420936,474340.0534717343
942838.1647218134,1079396.0931273005
1454834.9824772594,1402448.6576792845
1037147.4674024236,1035732.6272043744
862865.8153196024,793214.9013427407
1538039.5989438992,1447270.1911845012
1202227.9566643513,1104296.3433332606
1748864.714526891,1696459.889921207
1211110.0840824863,1107637.655114409
1080735.9840692123,1076464.469898587
1591383.7352199997,1708920.0685568303
1020145.9725180224,1136026.734747475
905435.84288734,874928.9094408029
847387.2057853508,873228.3308575377
583016.7918965971,569617.5748404991
1574919.9063463008,1542461.6111708446
1282258.0932930836,1215110.7446613181
1809154.2893631735,1753963.033736906
744291.0273210739,781398.1453376422
1143215.0294731287,1004306.2413582318
1558196.968571363,1694821.133429082
566645.8578321565,615296.6756217186
1324470.4414750012,1237984.169780694
1555490.6208630777,1594814.5727329394
1347279.207217475,1332664.9758699168
1115549.268055736,1113230.2186146006
1153516.9190034647,1281878.251279925
954114.5439535476,897958.0064091315
799124.8491575408,814918.4628227171
1638541.9393635048,1550409.669022568
1177744.973092636,1362114.6671386366
1249092.9279203585,1256038.2327329675
1323952.027425176,1232815.30518734
1455737.134904127,1501090.0183078898
1121093.1745067632,925497.3640976334
1266747.8295374303,1332812.7094745035
1071109.9165850952,1089574.2701021843
1116351.7534385773,964058.5132655744
1245785.0509590923,1065697.9901760998
885204.9786583288,942515.8027714547
934111.6355005292,969760.3939921432
1155801.2529854416,1048238.8106578044
1689690.754265426,1649274.857658686
1078577.267042615,1166441.2001262633
1045704.700328456,1314740.1951640607
1560693.0982718563,1623825.6791773913
1192677.550021043,1125251.0308990371
1474417.2717291806,1297842.3071828177
1464710.2063623553,1358195.040563908
883147.4710432091,1048827.8656636635
1032043.2117639716,1048067.7841076567
1451658.8772407244,1445465.6189070847
1068492.6129947894,1313844.8368898463
1004430.3243619604,1058491.2541628475
1986811.1701954128,1955018.3847810896
1617114.9439703785,1517211.7335929358
1159953.5929204985,1202692.4869297226
1865071.409637264,1980594.8211652031
547918.3263781852,683518.6496053403
1872191.5481572845,1722547.2178455126
1382998.251065435,1460665.2113337307
1499243.167565391,1411228.141832903
1056976.974840432,1073798.4780382323
1009854.70493643,1053578.8821579386
1449409.4356042852,1208926.692620982
1073355.783703826,999590.3129920093
1151341.850204358,1089743.4705691896
716344.6279481957,802042.2030990338
894251.0686357756,971869.5808274327
849008.7046985144,802134.3005043217
798639.6541779223,873618.5699217706
1450122.715015601,1381055.467239311
1111710.900422078,1123835.5003274423
1409439.0758724706,1300122.259421953
1521730.791403271,1435753.4324714728
1198725.4871449017,1356788.685840846
1430796.7625697944,1553717.9025781918
1924155.5815279875,1869717.9873967143
840272.8648923194,948588.9017405333
587007.8442399998,717073.626248871
1660295.795958334,1589050.4009820065
1603944.379937469,1456997.949357931
664465.3309873971,663504.1340281521
1792753.4995637876,1748247.8599242596
1360908.3196200058,1314481.4011260048
1774715.4835760146,1799555.071595258
768541.9161245954,836783.4986406174
1206393.1814995254,1305257.3087139125
1656401.8371527654,1586045.636071696
1222760.8580467268,1319357.8755803048
1550036.518714004,1666643.0948769422
922514.0879743272,934618.2735086973
1638969.269045829,1697120.4909061315
1063344.634927028,1166878.8140639123
1591934.1903279135,1560168.0924249273
1228362.746896066,1207775.4823859073
2115010.703597609,2186650.033008949
764756.0934618785,1052056.8388972478
1061552.021890478,1087810.4884093031
839194.0689419047,690344.1162724048
1290755.036070184,1229244.745845288
1200653.345481142,1239472.690562048
990894.0536887128,1235381.2916187365
885709.7642844076,931274.5603135414
1467271.5557894418,1505336.9497019849
1218011.060787834,1276045.8699593968
1051567.9457782458,952853.638072323
1059033.5578701235,1225941.6388259553
1220276.5513435022,1192088.9294043696
1149524.698591107,1126486.5549623705
1628490.7929731046,1432278.813362158
685355.4168064342,654079.6493813097
982790.8710036384,896707.1164428424
231189.8209898588,297797.4638341409
1166333.8865033598,1319490.141440344
737202.457611395,806726.0942122946
1474466.879984229,1234306.9057247997
1126137.681408579,1104670.2405436728
997827.2537752064,914356.2210163628
1047452.5080813532,1126952.7447304195
1582261.7011689504,1748010.881310016
449331.5835333807,557709.2746881917
886321.0235719315,889305.0784795056
1210026.0312604236,1320016.5773979784
1204117.4186541142,1105938.7467310927
1321257.2505720856,1272155.4612239217
652752.9727099423,774536.5280304886
1381482.6850124071,1272199.4906954467
1522143.6413856596,1414579.4800746553
1562573.061081018,1439745.2037551552
1204939.9039192782,1245642.7476122882
1047012.2705665716,975472.9956826773
999970.67942849,963065.6860376955
1340909.7986568718,1407379.4594517397
1347083.0697067634,1230425.8989836522
1473278.4414731169,1412606.1626839214
943309.4486039542,1038525.5214336631
461473.56652671896,410104.4945947882
1907859.0589315053,1829180.8814093843
863297.1766934411,1001288.6890333034
1592768.2418269338,1603696.1552742943
2054897.0092689176,1897788.3664067518
729688.5926317396,843631.8788060076
997448.7280769936,944755.1016584439
1930143.831202199,2022446.2370961187
1009972.0834733574,899235.1336913495
990725.6517571053,1106482.3338713958
1869113.6110749368,1852596.4804140078
1448995.1146448432,1379212.8198487698
1273120.2588270574,1348853.085374361
658646.1847265189,842938.5756416861
1749820.0141306592,1870130.939201505
1053484.8692001966,1048403.0322405463
809121.1058431822,839932.2307409034
1161742.677446362,1244600.843398639
840682.6088766105,945533.9947934286
1063182.696182345,1004796.362518725
1208761.0558371514,1294077.4223438129
1046030.1142282496,1171242.0195883438
1548598.7545692646,1518840.8042843146
1103352.6009398182,1102298.0944343884
1220591.006042053,1288081.3949978212
641484.2385493759,674329.5686606225
437146.0203506594,673506.0220775926
693931.501505761,845005.0842392202
1434144.2608724642,1485061.5327557316
1975538.4157534216,1760939.644521051
530613.7955692228,620645.0042530186
1452153.8490584374,1267590.9836333436
778546.1621435221,898495.7448916868
1140209.0775234113,1159514.9346813774
673571.3460100302,751598.4465804724
1302748.857596481,1155839.3656409774
1263743.970748335,1259459.834168397
742449.3106376197,776256.4815291027
1387701.1110529576,1325826.038420186
1002192.5820706816,930798.784696952
999146.8693743936,1068594.9569394612
1151189.6422095394,1108294.8015464284
1636559.240604262,1537178.876759897
905328.7691457036,809193.6753061223
1299430.1759553957,1374389.6329198154
1618721.1384298413,1582454.7568111662
1046721.9761732472,1217644.0478112325
1910484.642346804,1845537.6492610313
1580727.450288832,1724386.5701535456
1205138.1806132866,1075870.1397353052
1348804.229340074,1265096.113103447
1789098.5206914945,1800832.366858921
1339142.80508292,1292697.4372272245
1392537.290354905,1369289.9060903825
957806.002679502,981042.0645582294
1402146.87334661,1329702.8966709045
1092649.7088299526,1055488.5752561586
982298.0365595416,1008094.3162328824
1481146.950498894,1402983.7167641777
1641749.651205491,1572947.3636197774
1305070.0130524288,1228604.0130296992
1204400.6157420955,1285582.5505533991
1358526.7412621249,1297137.89828448
1300133.9667015576,1415211.3267176049
1084013.7849062877,1112470.5114427842
1591022.9035030273,1648422.1306261318
1348883.321478542,1353464.8786967625
894292.0474101036,804897.9913482051
1133084.3238238392,1100685.4190165224
1251757.1930129784,1095280.0816390808
1530848.0941090384,1409287.547559516
1367619.9234428834,1459834.086727297
1582140.0596046257,1481684.5073807961
1504441.0101502882,1426890.981036528
1102259.5385569,1234793.4040537588
1883481.075479004,1871878.6851443844
1155513.1752000046,1264339.84453772
1567859.0727812082,1601771.687157425
1345004.119756513,1355232.5578567442
1283996.96848927,1322899.6805392043
1185310.2673441938,1236893.1979140984
1289190.7626395207,1271177.2654549945
1221827.821998858,1132211.4839376146
1575966.5525391516,1705026.1960721426
1252663.6213763226,1409744.7043379284
2330289.700683439,2270524.372585614
1270999.9393805678,1213722.5539789922
879062.5907073612,901710.3752368437
1291759.392660681,1254172.2960639196
1573580.2338345246,1541178.1133042201
412269.2033995612,661094.625602277
1335848.3322776183,1386644.6616562307
852268.6716506324,876712.0364722791
1120894.8041941738,1110048.5568166575
1549303.4985165622,1352489.9045197559
1658381.0058753565,1695933.1253249263
1440897.4124288629,1420012.9421533966
1890056.385193676,1827207.4660612363
1373512.3017761726,1123012.6707347995
1210366.528822683,1360294.4576601638
1364029.16836528,1227395.8267477122
1190867.437364912,1250938.8364551328
1696086.168104268,1768011.4303470394
886815.9435970848,953026.6550808232
1471799.6763039234,1477331.6587298485
1259733.6438110752,1261810.3222980131
353240.05467269185,429195.2709737094
607858.9911712976,710962.2288485547
1692335.9636187928,1695014.51453296
1205962.994953347,1162587.6531430734
1411024.0439091795,1323310.1489993185
2005037.3066792216,2079048.0436537927
1537897.1181187208,1575176.4242792306
1791307.2410970302,1819842.9169944348
957283.65635498,1032915.0422485746
893435.1192151045,990177.2632115483
1331656.4939736011,1349470.9791938607
1463383.4866829738,1403764.589914631
1131154.5183654232,1380246.733675498
1502447.916728789,1725339.9262884455
1547737.0017004237,1377912.0158913867
1539084.9218209032,1578026.2385200178
1426682.1346372126,1618586.6025732402
656971.5307242259,624272.9354015589
603714.7885821962,686707.1149618784
1155681.8670825171,1253413.9488981506
1765281.0932294582,1495518.954266936
1538401.8172936328,1252256.8107999573
1637831.3278346297,1534693.2024952732
1159207.0846165894,1040534.2630376201
88591.77016003926,159304.6444773795
613788.3219895302,673189.0161266024
1585873.833196516,1360848.633288811
1129408.8701258716,1114316.6950311693
624244.9443876417,827223.1202754383
1117741.7573242227,1207746.5680719842
1062206.3209441437,1159891.1531232647
1891949.3478333612,1794648.9447338907
939139.0293389644,1038824.6374947336
1078779.497098722,1059201.4390167627
1023205.0409895576,1084362.9323308137
1428247.074184676,1432805.0059010163
1311067.4456660468,1456511.8544151662
1253359.9540054663,1333242.1135635166
1538903.9925451411,1687464.5186620075
1031737.3848127612,1070823.9590629744
1009831.1347769842,811578.7499876381
856022.8624638612,624832.4702413115
919963.008583288,918953.3969544712
1393100.4226061562,1354056.0155595508
1130293.596703484,1183370.612327815
1547133.3964004477,1542610.2724918178
1362436.153753944,1209962.2865676237
675919.6815570832,838810.0086841546
1572099.689856232,1659116.5894565023
1326680.2444425127,1396289.656374121
1479758.3175267638,1593391.331664701
1126085.1389748787,1265706.3055113363
1540997.8864851487,1512610.0838659438
1015010.5384041036,893162.3303742609
859078.6477175562,1022913.9893898531
2185480.090688329,2052568.7467323868
1306349.9922858966,1321444.1935664285
1115013.1474517635,1339036.3746661898
846095.9673147105,914531.4833609983
911071.833553066,1080319.7197819822
1173695.2918510274,1121935.466675708
1092701.392243675,1228951.8958372083
1106976.067467471,1036167.0013402859
1196996.6810854594,1237799.0583323566
1050838.7041572668,1055307.5173645653
1397943.5134157222,1521556.9201060627
1359978.159938887,1328388.2563592657
1251566.478453565,1172133.321500354
705100.5115554469,662182.5585599542
1046347.12078429,995622.2475224365
625990.3004351463,661968.3790940731
1495518.62392568,1212683.837496363
1174289.0805683718,1291456.0693804598
976540.0985009592,1052517.4542678627
913397.0868819004,1001829.4617704051
1557626.7809485218,1484077.0648214743
1253648.3243637006,1135819.092344834
1426695.6863993006,1345154.029568947
1067871.6867719097,1245794.2475183187
1939603.1309040168,1875414.5979203926
1205878.7696221636,1380844.951147155
895737.1333835076,905475.7923085545
1629573.8859278488,1493354.3575443863
314167.83427680004,291588.4400731721
1080170.906857998,1147516.6241724272
1574582.0909259126,1368919.0249423692
1243918.8107245015,1290595.9974845853
1270869.783171925,1295963.9610787411
1678347.5275379843,1825742.1923543485
1543913.4325132673,1491327.0288649737
1394970.5985855695,1388593.111649157
1417403.3118605698,1323379.5971236248
1365081.1775398466,1275708.528422521
790555.5204463231,847355.9583626627
1385978.9841198327,1310497.1683672313
1316180.4935914932,1445135.029882419
2024121.4614732373,1884633.4137551794
1309768.1961093454,1292484.1795725403
804453.869783905,795116.6392655699
1130677.4658439818,1196512.1809056224
1124042.9480980486,1127810.8950429028
1447325.6396977373,1512037.788876139
1892623.5459042157,1915817.4585507205
759044.6879907805,837037.4501101626
369433.3549647921,600427.2448376459
1564125.2379417687,1585221.287122515
979568.628541252,1035938.7313877097
1514555.0821308396,1453887.7213760815
960083.9968510192,928476.5569769503
1029354.4948558316,1099410.9610305699
1175289.1605114085,1245125.513649966
1426832.048925821,1461889.116399805
1528987.3248816102,1555025.8954055496
978035.3447748432,966600.9095584094
1534479.906564421,1359288.1821527975
1502055.8173744078,1672385.0639609033
1131887.7617860057,1155470.9835644937
1246218.3100606224,1285098.523105139
738030.6498645385,796013.7661846057
1411266.4112796998,1407933.6840072037
1413729.7574052191,1268355.337190953
395440.2021544269,450419.96533532906
1114667.2494865104,1194538.6908428278
806255.875632613,861071.675796655
1048647.1655575398,1029261.8823877769
998855.579912743,917037.0880598007
1788515.8176129346,1813265.2155125225
1234629.59549004,1262087.813517062
1318597.714778656,1239009.048244046
1421715.4153436075,1390743.7754541468
864067.0615371757,805941.6022282778
1411054.3169406827,1184490.2320143972
931733.3638805776,896854.7792692566
717682.0857031762,672654.1897227447
691854.9210270025,494468.60396983754
1420469.7265189183,1440872.992705023
886124.7256403731,922210.1079130326
1779874.753762815,1555640.467346251
1194515.3380966587,1315159.7502130251
1535946.643113821,1414423.8529505264
917610.888395342,1114310.0669073416
1112294.776465661,1226211.280185962
1841904.2432740403,1558219.2453877823
674657.9106630747,762607.0930822054
1144477.8789563088,1211199.6595714125
1373528.5581959272,1307298.2768604928
1156979.9154217213,1160167.004121339
1426434.644374741,1481222.14644797
1558639.8810308038,1574536.2628399022
1016301.4433502624,889921.0532897143
1268570.8085187648,1359396.6642306186
1062095.467626749,1125940.9500730932
1714445.1746365826,1612684.447872391
985283.8815578348,1053826.6428386373
1525205.6460323844,1555500.5512850704
1113314.6988738158,1093283.923578245
877779.3441184588,923191.3791516442
1265927.359738196,1442610.063698113
766078.3707692815,886333.9326037094
414571.2229366215,466405.6835097815
1599996.9614292642,1663077.6698598908
1130221.2976257126,1275606.135266156
1069292.3268591478,1186586.6267557386
1597152.9012685108,1646285.8056929382
1454943.0736612405,1421135.7996867169
1376637.5056241709,1485270.6235270868
945831.1862992597,1032821.4986658907
1373589.8035017387,1303306.2780006854
1123991.977280772,1148200.407377731
977135.885657804,980526.2341994615
1314348.6992100195,1255879.819458561
1127260.1257513668,1131330.1682088687
946479.234861472,887599.7387514738
1752594.8209582944,1511035.2333921199
970177.1054222828,876455.8595292508
732244.1580695552,784194.0376266278
1170573.7698636418,1038864.8091245592
1317167.713293261,1312974.3134563821
1501917.3180956463,1589073.7507073916
850977.0123103865,990944.7474893136
1505628.4534982918,1365853.9473021766
1196064.3299441882,1101342.1490846388
1424389.4833293157,1366455.866536587
715460.4683462611,940594.5827285987
581134.9649442481,326286.21734341513
839453.2926376425,885080.1659353571
1446983.542276461,1277188.14690223
1123753.7342014324,1197000.1527697989
1191625.4399627368,1051792.5517862272
483458.5482582932,641602.425969949
1403219.370573444,1452469.2735581985
1328586.2904618224,1387672.6594002754
1417275.667232232,1301720.9584191586
1506651.1565735163,1541146.948160851
1356384.6675167023,1492278.5409773365
2271112.743827721,2345459.593478051
1881075.4379420877,1872433.2270602752
1531216.8939163382,1441717.548721497
874103.6606065923,764926.9759993395
720059.8348080008,803891.1311129155
1845630.0708228927,1913093.3157024262
868435.2750090398,791350.0517985718
1689512.1795895589,1568563.4720660849
1597330.4114850054,1493455.1807616563
1108204.5868627557,1139787.7258883798
1353182.4938991645,1259781.639429045
886536.4283747243,715026.6081458032
1298108.0001318774,1246725.6108010947
1051173.464898884,1170309.3095407719
1822448.616550664,1722436.2892649975
1225796.4144416682,1144347.5229170145
1417158.537395579,1494579.8863247614
1593836.7851927518,1480125.8530242187
1332042.9116713523,1383607.547950142
2092949.8613406112,2119340.2528557405
1409824.6381964688,1437402.1912777964
1185743.8241796806,1359547.514875953
1043483.9151320348,947912.7099421388
1442372.0436041143,1534043.6899968293
882170.3184490805,892529.705706126
1290784.4908596615,1328857.9741808525
852590.3528209794,743712.0633910298
1153680.146027995,1227412.5000644363
890112.5493178923,990162.9020378324
1270928.0343699888,1234828.6967929867
1578737.4363400638,1420727.8611954367
1437153.9585319315,1541126.9012647625
539483.3966111792,498428.95244018314
1428693.929893514,1441992.0326674976
1827500.8917075216,1810192.7518142154
1399466.897763413,1287808.6939290166
1060123.7295704826,1068519.581813665
1142264.2476784117,1230731.977985058
1587357.9464305846,1512300.7551483447
1064703.3052359354,1241095.2253478486
1200539.361167783,1079723.9200704298
1084063.6419882777,1101225.1701869946
1441526.8367587973,1342087.2367155831
1754866.3954783296,1724812.8087917017
1049661.038846639,1186053.16029234
1279117.9650857162,1397280.1562463413
841276.5860989693,849661.5963737378
1248741.8646745014,1122984.5864617173
1579360.8248111247,1452786.6583082192
2197436.8754965314,2093034.5652027093
1386351.1453039348,1428124.497086214
1072503.237943672,1099754.9216747833
1576286.214214989,1546803.0033027004
527749.4038647808,596070.6610082891
1586889.994631176,1624959.4252695972
1560270.4852099754,1464652.0500071268
1204103.0865989951,1247577.0179320844
1246509.1402311178,1217778.1708669658
810751.7250413778,888012.5820386675
994257.5352248872,1018669.1159006236
1643086.2778970115,1529075.5178382387
1432318.469639134,1232910.0727328705
1713161.6991637428,1652011.3499651384
1471784.0051760625,1517310.812437472
1296636.271092107,1400692.6089259866
1439431.4528896934,1557427.1198602663
1427108.5011545552,1472967.3041525842
1366727.6626961108,1271881.5982288327
766710.1734753456,601785.4536822774
637951.9055551022,773323.68746904
1333014.9075833731,1628007.2030967735
1102516.5838414284,1181424.3528163233
1354417.5627576166,1384941.0144786034
1903813.7926587544,1999437.5308623025
569876.7748806281,522478.4656536435
853084.1522068826,937576.9948213967
1814550.9014238769,1731065.0077350782
941950.5794564656,791364.5079878923
1361521.9829376258,1269699.4225048888
1455691.796506957,1340468.8274626825
1364306.7686809986,1314078.797443083
745996.3305840503,788728.4668547125
1714266.2737553422,1697771.9672678467
1016526.5937435456,1029373.9739040094
1194357.4059239507,1384275.7502987012
1851575.8675786168,1878078.203011823
1223432.8397755532,1134835.1321584159
888866.3945395602,1159183.9167427914
874497.2654803138,821841.0471234415
1369976.5013014628,1393622.0181277096
1716323.348128052,1828246.1361648869
1459834.789435762,1499958.89069454
1734373.0438199642,1769913.888051887
2096954.0406756613,2141782.9670093497
1236258.07968267,1313695.1441700524
1339254.7267992808,1300133.7139390241
1134125.645697823,954581.089176192
1074369.7767178162,1172220.3251908282
1814855.154882529,1764934.0694080666
1191564.199934324,1269996.473029343
1226441.4792170248,1336825.598570156
1571848.2312462528,1733923.574113681
1203089.9890176975,1242272.6365758386
1483041.335012141,1546506.8346190006
1405933.0186992486,1412721.6481625037
964924.493260556,841316.1392355198
1517922.2715771273,1403709.7306852657
968411.6243946048,840532.6589419837
881446.1155446059,969325.8925632117
1347234.0930270965,1364934.3964075604
1170959.5262846122,1092314.4809567458
1843720.6478657,1723587.5030090455
1632942.3157420263,1490931.8030720796
1493623.4158691058,1429425.465094138
2045693.8197491344,2032123.18614991
1465120.4700062692,1554883.4357200265
999826.6092888176,1113339.3042067904
1249914.394842537,1229312.5956086433
987434.7498393512,1024559.4201439265
1194709.6278581591,1152987.524660037
1131618.9133648446,1012535.463502848
1311389.5758279422,1373507.5174742583
1079951.1554316457,1055055.0796605316
1148749.9333118591,1181202.9349957476
1662585.9381789912,1531586.418262037
1662939.0973972816,1684253.7207712615
1245967.7994219903,1212312.3633827092
1394423.555643988,1472219.478188335
1377113.0261359508,1294187.5932766804
1146886.0930541083,1154215.8185636448
1624842.1237797844,1642964.392969829
606863.1414738953,595537.9674531459
1993453.673154315,1894925.7924719406
1473540.759938544,1457810.8485356146
1437755.771785729,1337500.1986247469
1434015.0326303542,1363559.1960868211
866666.0553738795,964048.6943142973
1698219.757464694,1674301.8258316452
1529452.0617767374,1403522.4317349764
2007556.2860539176,2018264.7383147767
1247557.6951939955,1187432.7320089517
1485145.6605448688,1451473.3787717433
1208875.0835810225,1177695.6048920578
889385.9015842597,843011.7300702748
1558572.2432714645,1500650.629446303
1637335.3027885682,1525715.4765045452
671661.7134409613,559672.0541387023
1327961.0982193248,1260766.6687457608
1737981.5298355946,1753556.9500234146
1372969.3107494302,1499983.343150454
1029273.2785955656,1062296.373781355
1720670.8768427868,1709901.687040086
1226067.3141602448,1115548.9695974747
1214104.9338822474,1249936.456883126
940162.7244777936,851480.1750161573
676377.6614159645,711696.617218303
1086181.7530789468,1073352.6212761644
1658571.8640212913,1666713.9131033914
1135030.6828346122,1065584.2413745606
1062666.3663835817,1076322.0080794832
1251430.920318619,1039668.2250372907
960808.291081754,1053500.4199703643
1704126.8763504997,1570298.0931362258
1465835.8431777956,1309942.275166513
1013443.43789406,863420.9010738009
1101826.3145402991,987163.904989603
1462875.9838223844,1393752.9781759558
1621035.9027174718,1770358.4607833326
1168444.88222469,1283317.6204447928
1454126.550991805,1512472.765969927
1383031.332366437,1262100.792747518
1371527.327011824,1320871.1722576828
1545672.11658555,1500572.3662395207
984421.2252794616,1117592.179163713
762144.9261238109,773256.4119654661
1011140.7992689414,1189620.8225459107
906011.3853235616,1126647.825011272
1485677.0638068074,1536704.3607861386
2152959.4089430883,2190423.2201932296
1086716.795708651,1177212.8217788758
1538985.1890983768,1485272.4087890573
1375497.9729216115,1410575.7663977034
1501622.125499602,1463840.420485448
1335883.8311844517,1552348.6143605597
2105205.855863914,2007920.088077017
1294615.007746152,1312092.5014051911
1560615.5007379,1585151.4860688131
768301.8020259616,633289.8909052406
1884674.2407271257,2020053.0611194149
1107286.972727985,1059376.3426904203
1516419.7207188455,1547823.1020914218
820611.4708595406,878858.2575842678
1882806.934395191,1827050.896095289
1057125.8390858762,1174578.0721574128
778836.9229045416,845423.9166174876
1714055.836800116,1676993.5082349358
1210573.8552657485,1275311.976297062
1549031.093041703,1528817.695475466
988175.0073923124,1003468.4573992761
1410331.8251379866,1528820.320308554
658644.6170003233,519030.19504032563
1581817.4067967194,1506732.1384959687
1246410.340577982,1241821.0574033828
1394900.984583555,1409798.9322944526
1621742.7482687838,1662621.5875943908
1280588.3418971745,1296146.8082092088
1517141.622824528,1475931.1809504312
1604954.7234397994,1584668.6257213699
1223777.4976237444,1082019.6268849252
1083187.4267179,1242599.7480479833
911202.1683461092,934331.9840398161
1466411.7902126438,1458084.2361451425
1222412.019854086,1330119.5219905758
1404622.0861056014,1367403.8312207563
910099.6440482036,1072536.0656516552
1188196.881911283,1099431.84491889
1305210.264959531,1254655.1913296282
1400961.2787884492,1521002.4697785485
1048639.7894974465,1090987.0434136307
1231157.2551474404,1363711.79706355
1391232.526512257,1493913.6932341326
1301486.6855460985,1363915.818047312
1019880.6530541872,995080.3548561586
945057.3183830888,938409.7844712343
1495384.003668785,1512452.506449853
1053236.599854908,1126706.6410120474
1260484.4621029706,1162791.5864018775
1442674.1845522542,1421033.6368607208
1535262.440790424,1539879.9287534575
1393897.3902198137,1425811.5697086896
973299.8617887148,1008374.9630556605
1172730.155769318,1261976.9171431116
1027191.0290126376,975832.7382911337
1534295.195012713,1459980.3831837522
1399812.6127342363,1440848.913705464
1696339.544124581,1541797.294867929
1801916.3455730728,1875379.120982335
1127873.5774725412,1053408.3087201864
1091479.5601322306,1146105.6831520684
1036277.0624632968,1059065.2504338725
603374.0391445679,699970.4765192322
1002840.2285939913,939426.8538660035
1349989.646728484,1513984.0313489945
940138.9613987308,889587.7198499348
1427890.046491724,1428229.0939268898
1189466.7143340828,1142708.2103847591
1367130.348227142,1411799.3229196155
1172413.196960207,1121971.5197790852
1610006.604587974,1653254.4726391826
940229.2343302772,898450.9331874894
1311145.9682970897,1309047.1452048565
1134142.915960404,1013924.2169190119
1200060.6620374117,1122767.9899418466
1352917.1768613977,1493009.3790189363
1167626.7358808988,1370300.8334340295
639471.7361335896,670376.5092922421
1642051.8317058694,1550233.7011061916
1445030.984450201,1593349.3015419915
1311681.4196841924,1433455.98754226
953939.3299056444,739414.9908663305
1244248.524945985,1232606.631964391
1097918.41234679,1112788.0758064766
1060966.7414057308,972654.1773518934
1542488.6947641938,1612950.536296227
873588.1296870057,893502.2086993447
1540762.268628121,1342973.16349883
1419345.6073025845,1376224.4857850913
1160146.171270086,1399137.4422857575
1244789.0220019894,1217550.2256974457
774009.5475941251,856855.1092412332
1168574.665599605,1132086.6046824832
1268964.7954015422,1370494.5438948134
1075550.2154757688,1082913.0883827242
1197073.4448150082,1037315.0521922386
1860681.9470210185,1735248.7788308598
2298379.48670761,2140250.6030424675
1412449.478586824,1363610.6556533277
1112223.0080549058,1011180.9211533391
1078534.5530803995,1052694.0012450079
1665515.2461223246,1524086.430252443
792174.1738214786,866355.280014067
1370909.9519343053,1371189.7917472366
831762.7909033981,749697.2131487112
1462989.4908213743,1367377.2585275238
782800.4947029103,637200.6654388374
1261681.960817626,1302521.051619731
1543357.4535105105,1505020.7611143943
1287784.3040333614,1311039.9465124486
1582605.5351026566,1630678.4095208133
1102062.0975742438,1231356.6905030399
1130108.0228452345,1094410.9197598011
1548962.888217382,1530581.0893544117
1123386.5312002872,1248160.0106178522
1091928.6155307412,1166687.6641142406
854945.506711949,1083027.0701999436
1342997.6449288395,1243072.4449684229
1267986.687523998,911034.6368621103
1540737.1933239426,1592461.414519188
821859.065727853,736461.7258490501
1425632.5419741997,1450011.1877288604
1383766.0819453795,1312923.5434633293
1366668.1852883534,1367798.6363534029
1000216.8576741072,952213.6317646601
2138713.943340635,2147169.132221262
1191340.825875469,1287603.0002726926
1455556.4656425468,1584854.9149003
1014450.6537930904,994859.8417426758
1351541.4185628768,1284390.6637503263
1782803.8692421229,1688657.460879216
1213530.8498658694,1129593.831090162
1271396.518005975,1283414.7236794792
830286.706578531,937131.835818998
1300265.2104154662,1335649.5228215666
1109559.8516026712,1139050.3012532243
832536.8853673466,705836.4236546978
1260241.3960622712,1253575.317640577
1720258.777124667,1734591.8495406192
576356.0318820125,490413.4410284939
1463003.0558812623,1416522.3737779194
1112286.046385043,928084.7095830864
1325149.919832771,1326309.2133084117
1115394.393195597,1134834.683727432
1309922.8541763353,1370209.5302191158
1073347.545209808,1035870.981043715
1520956.99733294,1370930.1884699091
1840236.005802689,1596879.9172215778
1134273.424521429,1203450.932835495
852099.4640268538,913834.8846096573
1274053.63988823,1324019.6017241753
1340074.6529811826,1312877.3255580151
1007856.266240042,1207831.0615612245
1342245.9687061738,1487709.1516361586
959625.5301771796,934548.5050297561
859427.979306825,1070317.1922705257
1541127.3435162455,1527974.4131533587
1546469.7826846072,1437242.1834479035
1626125.1656497952,1650509.220348713
469262.8155752149,681564.13134111
1084763.029661108,1257112.366295705
1496729.5357664232,1359786.0387443132
1360920.5303860817,1259927.4138596859
1120419.041886019,1095706.4993783399
953840.6976020308,1045364.2906277906
302355.83597895555,100753.31442607101
923444.1447612592,995488.0015597576
1074646.8653873352,1407496.3811080665
1132522.9012947134,1183172.294820209
995721.6273979772,930771.6127104987
1294069.5325034796,1367834.6858251272
1288426.6939028532,1341176.3899200978
1707494.9217939766,1470236.2427070788
834268.3429210644,949342.8684466211
1561313.8376386245,1483598.212624086
724993.8892416583,704535.9231993188
1727453.1546019888,1754717.803236138
1626321.3209583594,1758607.8325933022
1378863.6883772104,1485933.270019414
1369186.0702979171,1365069.4479663698
1316206.246554098,1376720.0365993362
820250.3894658082,798950.1472251164
1187454.6724878063,1057490.059959584
1276448.792042974,1281648.1914225975
1492612.189361544,1399607.547168715
1496776.8301323482,1609387.6109943967
1784057.8431598432,1684553.6188389454
1294647.589167185,1432032.319527754
1488535.1595646788,1478191.3790393127
1642011.344611863,1630321.9974141354
1008649.9293008102,1055411.5381577057
201898.08657249613,385236.17819692986
1243838.6342287173,1232830.9025634332
1766248.403252482,1646260.1511030542
1194594.988366492,1128539.514491308
1495375.423345531,1299355.28826189
1090996.1430147758,1267131.3414379656
1305219.5213491025,1267121.3812900968
736798.5333089959,655592.4177020174
1468752.6574269752,1353506.127817078
1275497.1606266203,1048086.3448629333
1226041.7830216552,1268833.0117837354
1643338.9927174544,1577655.1338675348
1820189.5328040929,1736155.8074886296
1292287.0948426991,1243110.554747553
1025417.8875194944,1134171.5331700728
1829101.5494831984,1782580.2059164736
1204598.0374631258,1354402.4015745814
1279464.6466970122,1245373.841255826
1383508.061615121,1311699.8538515614
1019425.9367578316,1139813.4084898503
623721.6129854085,587729.9788780548
1020842.5313524116,1108808.6954037533
891200.8622760209,889571.4905874566
943404.2390412588,1093535.2970836563
1152046.592394497,1089057.6177701117
1451078.0931341348,1179579.102408975
1130537.9927497513,1074799.4158767872
1294967.4107378754,1252456.2027101628
1176420.5593819122,1227164.674699923
960904.9953518584,997716.6300456752
1111655.9058386355,1127135.4613250112
717273.185257682,857271.6124842688
858088.7187869565,948192.5611556829
1035171.059640798,1104399.4635505965
705343.2560893283,769807.2069461546
945833.1891229402,971540.7413963471
802846.1222953709,896193.960919972
1539129.363811181,1441875.3373925248
1580951.578568522,1511495.4920322406
1190442.1227402529,1173611.703187996
1278618.6203141354,1232436.8767953222
1850513.52744405,1623665.9631208424
1057838.4934225385,1172948.3204949247
1261715.4616659957,1243089.680177316
1043548.6091084076,1192614.8705318356
1204753.0020550108,1412327.8906173483
1556256.437468461,1540735.4686181876
1721261.81159612,1493114.796946819
764635.9979283088,789125.8831078634
1544379.7477356796,1805671.1761759222
1253370.1489213388,1188866.2207421
631656.4745826736,685983.3303284422
993725.2171881604,1052856.353555927
1217267.934024366,1220335.5613925797
1545154.8126419624,1473476.747175993
1114779.246640951,1056612.7348986664
1234037.2359336603,1321441.8955331421
579585.6980204432,660516.0377213839
31140.517620186045,106761.33738208981
1613325.654571316,1669831.9015440186
1398353.590664104,1204411.8243785026
1277380.5286085252,1160820.0732206847
1668670.6558120956,1734028.210223388
575694.1732158384,701253.8172653755
1291506.385764535,1347815.2362601594
1638265.394523659,1623863.44476524
1457767.5326477357,1593462.6487002587
509499.588996669,580243.106786401
1642478.735656444,1744877.8331524637
1114901.9726230132,1046827.3777893577
1453974.505950872,1473967.0677692676
1444572.9714972137,1557396.8012666618
1134055.4030579363,1361927.6162208915
1037780.4795439028,1197399.5931564812
1496466.3571105185,1540254.4970355956
1161232.657462014,1164942.6216833196
1126450.4261744465,1114612.1208222108
1047689.2657463626,1033093.6224072049
1823498.406876208,1923982.049725105
1126042.4049714075,1266482.147677945
753930.5825393641,920058.7378404061
1813996.9333129849,1726258.658262333
1113936.637831619,1132910.179602487
1546408.558413639,1622418.2049684469
1708102.1023987215,1646308.3769295933
769851.8034373517,779559.5744909649
780608.9935174572,867305.2852314748
592223.2631006419,799410.3297058619
717661.5560232053,990612.9237432755
1313304.5877362725,1223406.8068513782
1113373.5200017327,1109669.8885016558
1670908.6619607303,1604749.418622641
1727211.0894733826,1768949.2526014466
1707269.5277034238,1538392.4068204416
1167449.9898697317,1120439.8427894097
724121.6733840894,721258.4396585915
1561234.133168856,1515455.7797477394
995813.2160648316,978698.2984888041
873509.1895266719,1008400.9981160876
1360502.2488120492,1311888.7509664004
1742350.9621689606,1684857.4443114866
1233220.009477811,1335455.0110584856
895600.423741341,873008.7286014771
1327811.34262042,1322604.714453834
890138.2114471466,1036691.7010198976
1368134.9976821383,1198464.2290047077
798892.5150396761,886995.8668779717
996771.2481507692,988616.524828312
1967384.7778210605,1898931.803788106
1272337.503505837,1381686.2256857017
1093253.4909345591,1209801.8036320657
1718625.9452745786,1782035.45740515
1647278.684983665,1580953.1951092044
1165253.0327180624,1238892.5122209657
779962.1010215052,763777.1089432337
1353854.4775205588,1046715.8061567433
1183343.566493446,1129494.2054471713
1394132.2413865472,1504050.7157004718
1150438.9494932448,1069259.9854413662
737147.0943241782,631767.7284800904
815190.6525811657,839080.6769197364
826194.6781509514,907795.3020421751
1169653.821377547,1339089.178446238
800110.1189013292,713857.2043347727
1967637.286822351,1999742.1551094763
1537329.5695361544,1552705.1815244746
932616.0682040264,1006274.9808708625
868694.0736998019,918751.1981971478
943668.4823796288,838127.8451050245
1040762.831883902,991977.618610505
961539.0599236458,1096095.885690364
1457022.6303982614,1461236.8156835912
1233882.5553029585,1322481.5653873733
1450786.775373464,1558136.7296462003
1048350.6918200088,1009383.7207558053
854045.0137671691,872347.2066532569
809057.4586058989,723880.0908398847
774118.1878354995,881032.2409029594
253185.70150858173,482435.17337810853
1593331.7087101643,1681789.8658262677
798254.224544436,955017.6924029975
1334952.605118672,1386673.6845117477
1090788.9812340653,1078797.124568093
1220001.3342399488,1162180.3555612988
893919.0388163759,1105702.5607669833
1676070.94296519,1737433.5990314363
1475700.7096609343,1558524.0705568558
1820595.367235552,1786242.773790556
1021122.0523475125,1227475.3763135662
1088548.8265538793,1043313.3874718645
1188416.8057158843,1285297.8504747092
1765352.365907112,1530600.1679459168
1460341.0111764427,1475406.8168294355
576387.1752221297,728260.8328758581
839426.1221799824,809974.4436822692
1009142.3379740332,1067877.5212070276
1441882.5217055138,1594504.5765912924
1597655.2584122843,1423365.9158240636
866689.0911811923,835778.9078619056
1296223.7064925262,1227743.5825121952
1530172.524842183,1570250.754149016
1212939.953517593,1179871.9217711492
1082588.7273654498,1210447.4295284348
1637649.904770942,1775104.923704286
1617405.4247335158,1569637.490403587
1826821.6156373736,1838955.3938709795
1381442.7584597112,1453678.2673751316
1335904.5009155408,1325698.333833577
1301089.7115082329,1310764.0939740525
942663.9415375702,951878.6009668396
1669127.0781264869,1599889.8451801082
927677.4223195151,943805.6012869724
1307136.3345809835,1307203.657235566
730739.4189500834,730068.9940552535
987746.9239531008,1090078.7627602504
1661435.4795672083,1789097.241236019
1675062.8906871276,1615230.080541187
1496177.415750746,1351372.8167558466
1626659.9596528397,1528164.5128087094
822934.8312947354,639906.7327457229
1652845.980628764,1574536.4710202822
1371640.9317114232,1410441.2706433982
1748474.694094093,1766924.0562725104
743393.3473414255,818124.6558932103
984010.7052899196,886017.5014034784
900851.1631095211,929652.3992215828
1279279.7998179044,1191903.0763587276
1171989.7178084098,1228769.406437003
1471031.4205758185,1443470.4265068867
1922281.305339749,1764729.1369288294
1813555.3299392925,1818799.724423889
1298980.8289499965,1309924.943609621
1587122.3687081682,1591890.5709519451
1045348.229953654,1162069.4930844465
1109260.8543058815,1074230.8562233555
959102.080987074,1048390.0423363918
412057.44010888686,391390.0304781608
529282.0843920948,491182.4937976659
1198313.5980997651,1325499.1095902827
1274474.5458934947,1162930.0895997235
398909.5098600632,466359.04818369774
1795630.9127150138,1661181.978884966
1085113.4510746023,1055501.9472896243
897223.4346811123,1105442.1062223352
1591188.3484872938,1437953.025432744
1297849.7636572844,1345889.0646976712
1236874.809187995,1398034.0687014665
816772.3750999514,853744.977140775
1172385.8977045629,1158475.856218339
1433260.2277418757,1471188.9672014979
1947338.4401352475,1865085.8856889699
1277744.7389113496,1172165.006706791
1432252.081073976,1411355.5422932343
1314635.6896984542,1240910.850591736
1570583.3403398057,1776910.7981155068
977980.9211108278,1149488.1533714538
1156329.2740497622,982565.9234792381
1492965.7334657512,1534001.4989044773
875904.5285939977,967096.5387589335
1431386.814465111,1509615.813546218
1028636.4228705128,1099245.1776006375
1414294.897975369,1329155.8324499219
1880127.0624823808,1823273.5807434134
1494101.444719538,1443311.2914126003
1031146.7545545298,1069716.5050931075
863386.1737937309,773661.3109730892
1081150.1254838074,1165640.8326955596
1181995.430504778,1346037.7233522874
1247581.2116132637,1379988.230965091
1442945.1449720778,1536269.7427999862
1168993.737583562,1328560.5520950248
1210161.0704941228,1076516.564168076
974805.9937128816,767119.4567457433
1289082.3630250026,1126545.8842537906
1352096.0506802993,1388613.53258977
909781.4667682184,935673.2337891371
1143672.8254142758,1072648.9686359987
1255202.109838792,1151808.5040001231
978103.619246416,975674.8755432842
1463442.908287028,1332610.8677355559
1074456.402490409,1124349.953328202
748322.708245135,857153.3061390892
1437983.8247179326,1541722.4755251398
864899.4849738175,833047.8815753534
1294278.1178850965,1322058.3223462384
566848.7320986082,599273.8024100079
1480888.8042321615,1442921.294117039
1802294.2888986613,1805508.9860179145
1277112.116945467,1192081.312170487
1086735.9127637602,1158896.0895938855
988746.4205867316,909305.601837208
1385749.141348653,1476246.3004421443
1474296.415816263,1474144.992656453
1573998.9022596634,1604738.3466554275
1172514.722473985,1078281.332183023
1296121.431916046,1239958.365176306
1357710.964922556,1357644.7629109994
1148066.813058398,1150766.7829069914
1031385.4548974172,965760.7596101207
1104109.0350293606,1195259.5498682032
759360.6547692231,682544.4762962428
2002028.631998704,1894262.590723115
1375736.9565806843,1322957.7118359674
789632.6932079874,785244.4716835963
698457.6776499674,899605.4760346948
1038330.0389589404,898950.9728457616
1334377.3074135566,1378359.1282153334
978766.9138660992,814417.2191715282
1329007.2034481545,1369715.517092694
971174.9867792164,1064634.3962917891
846055.7174491595,914340.2684512129
1692308.589766106,1599382.2933023348
2173808.627715738,2004841.0018601865
756319.7340442679,839142.3647105605
1641873.966286834,1547906.6131825577
734562.104533648,790014.0082725687
1935831.0390568047,1888424.8405583184
1132146.3204353235,1109588.8719494715
2102244.496777067,2086813.118811476
1276987.4919659288,1214202.7746183453
1136347.792319244,1114064.2507439153
578593.5339451779,678780.209092027
1143203.0678656865,1061583.9877486033
1063399.2747829244,992392.5814830242
1247289.4901993414,1265775.7525662011
1467849.817834562,1474151.1278431388
1486401.3205096938,1516524.062017974
1238406.1897839587,1140882.04355725
956241.9912803004,961284.3354942761
1046191.1649369912,1147458.898269483
1117432.9800574498,1170132.7526312545
1427832.120659103,1386861.5862537539
1379671.0747829855,1474047.1999505162
1410010.9940005562,1495176.78877903
944491.0395552134,1019273.6849196516
849566.0855445924,790506.6954510272
1005089.893975332,891207.4916750202
1339636.1870255398,1294643.5633355193
1123765.3462531995,1068733.8212257777
2187326.442764148,2219968.055304462
1170892.9796549894,1094121.800803306
1159699.9657200286,1199900.5280896588
1799455.4060927469,1819313.934541869
1510996.4352668852,1536127.5145254699
1793398.718379665,1576930.043999589
813726.113831596,728862.8364779027
916344.293835102,970971.9867113419
1212276.3574996628,1276979.2027920065
837668.1026021099,1056213.2665755819
1028966.367929272,1081115.002182804
1194113.6937494338,1275025.1032335702
995137.2023937796,1058004.7346411156
1629049.623519236,1671009.21438298
1314245.8199973232,1411767.3600046625
1069827.806639154,1165549.7211604859
764799.8830136815,735360.2581954845
1260814.4318730172,1185656.6257212264
987026.3707410204,1099434.3898552782
856207.6028363751,899374.3013312998
1086186.4278047497,1215750.71175732
1609092.3179234052,1539443.0299673742
1539958.930981711,1480807.558548241
1877402.3197269463,1824438.8552575065
1142127.8842701877,1099445.3512634486
1798521.604522182,1731684.6111686397
1293383.8900123087,1282644.6374574974
697840.5674771494,770353.4085466228
1850525.5729962275,1777066.0231460305
949072.2495954648,1075293.061185548
1574279.8139775426,1627900.2137794066
1642844.648635587,1544742.664567551
1184893.5601850909,1215299.9561550622
1723424.6715387627,1625493.4079662496
1805502.3400291663,1566381.3626849093
1278204.781562914,1300866.7826071498
1412274.4860076832,1288289.576877437
1383938.3667970055,1189236.3907920867
1413579.8167508717,1553439.4992970973
1373022.2444161566,1386830.338765202
1392083.817875569,1573253.8168566693
1200125.4471192514,1148896.0603378974
1002023.3582174428,992690.164167026
704375.8684056341,759590.8927077302
1254938.142307008,1168634.1331720129
1434323.8251566691,1450307.750339732
534077.4554759212,645124.0583271533
1427202.2785615397,1367959.4492823938
1723729.6551644218,1727729.8645746484
1039380.7224796106,833538.5006685108
1648246.7742056048,1578675.2614651676
824540.8963674724,887830.4466617061
928210.761532312,850489.3307108963
1564563.5680690026,1730949.7966986047
949879.9338885004,1040456.6849720366
1376492.9247222256,1502962.6405444131
734827.50801229,669908.6178426654
1469561.6746953996,1392077.4611063423
1189069.1046909408,1209172.3248499953
1182335.6796501088,1196385.6249711206
1228517.2072076176,1272021.2483077897
1358983.4704786798,1311750.705664727
1431517.3576797748,1409462.0772790508
1118165.8661723498,1104110.6963998806
1393482.8496279658,1391375.9038201896
1271340.3814239912,1144700.760775134
908616.4826240856,755810.1577441269
1340094.9662054193,1245474.6173941656
1903660.9191608536,1713070.0858240053
1302664.417257956,1412359.6622786466
949892.5313701816,927893.353236483
978824.6016155628,956906.1218330585
1034539.8306178992,1004695.484829871
1031981.2829229428,1013287.3431264339
964596.749839928,799366.3965596491
745586.5735088169,949804.1904434566
735952.1688894632,764463.4668578962
1742938.7760231788,1822743.5782928765
1232014.5271086118,1226525.8503938564
1479603.7556980178,1454553.2456220868
927181.0663926834,932065.5460824445
1152798.578967208,1119928.8915784205
1697501.6046052328,1751760.5824884707
647982.6536393018,841008.105988685
664298.9713057821,709705.6005537244
1048969.4932738757,1086455.0735087479
1062105.3081273877,1009715.9541905322
1585348.0954852228,1391216.4447287004
1000892.046404376,1052313.467980716
962028.7007646448,1047508.3393808589
939490.9138489172,991494.306159128
1111085.0168910609,935150.5499302582
1325860.533421939,1176021.564459168
1643291.7224787388,1718401.1248442568
968045.4778354148,1036964.9669335559
1429529.6303333663,1426119.3293111655
988123.7553400168,1124581.0295653222
1035125.8566511944,1182199.6493643187
1064854.308940125,1062195.538379095
1125692.507295288,1240359.302706034
1219154.4031595571,1290315.6829335424
1197975.0854702406,1029790.7699730797
1457672.90568856,1490625.586788692
1146480.2135349663,1307933.121500738
1090888.9630292277,1050675.431637723
1448081.251171976,1337360.3983270968
752950.606800692,786479.2458789977
1628878.093809486,1608294.4418832622
1125677.6043161764,1314364.215570711
1209445.2203735302,1132419.6440803218
1400268.1424739305,1395460.6291217543
716771.0057488753,897559.1959670959
1530729.5784536256,1454382.675688699
1325819.9131084683,1261138.9538624254
1310207.133039433,1151622.4529678868
1345296.5544381766,1466347.6972716781
1710966.0356305088,1737092.8152846443
744132.7041655211,677292.7016168525
1069851.1616023437,1026094.2745485865
718650.643819188,669301.3434280669
1246440.855634546,1298825.1590209557
1838092.102498864,1680603.605530329
1543801.654559296,1643327.544697566
1556987.7244597748,1583785.9857162032
1617072.27721383,1664378.777877992
1315684.456665318,1293776.4587321957
1261843.8443217382,1091377.0387633564
1900789.2370148413,1707216.3526595505
1867050.5361289831,1881588.8369676443
919207.0276133117,775504.5470733754
589352.3954068222,764439.3854646166
629657.6132544072,623568.4383378788
1101120.2587428256,1199495.5843093763
1019127.7329514012,1094500.6848521223
1073350.0443075988,1057595.8511954974
1072704.8902154437,1027083.309400693
1810158.486708856,1770524.4236475155
1039794.7674478192,1018947.6666920232
908013.0020703824,922506.5241701431
1439892.6324951418,1402185.2914869012
1582765.592476812,1643793.8318365486
1336743.3833950302,1337696.1599905035
829794.8232933849,999270.5365399215
1659170.5127753727,1741460.7696141126
712228.4243027219,737981.5014885757
979282.7630677487,1172221.9741128422
1501103.4929884768,1637075.2664866112
921396.9752541516,1009185.5892659407
1108406.7859168318,935201.891845922
1454749.8065940435,1511967.5434864094
1285923.734211907,1340321.4940653276
1556552.473741118,1543404.5599037437
1377275.1787725226,1372520.311801415
1005392.4185892516,1156238.9650342092
624482.7635866479,713670.4696208285
1303106.7871561598,1305689.6032998995
1182980.6042717127,1277003.0376110119
981232.6123712712,1111919.9225580469
717825.3596950844,877365.1427708114
1526013.3295975295,1475500.4575040299
1415073.6141811854,1493843.6309636477
1518387.141646837,1469751.2511972948
1435769.7688373898,1438483.1944818678
1243491.5716775164,1298107.4380998379
1365496.8850918792,1208151.1455307761
1175781.4175700566,1139867.5896127825
685503.9902718081,745636.578942908
1076334.1025455322,927316.6688303435
1417047.627110665,1222692.7331810482
1458422.8106991698,1445347.1825494128
2049146.62989614,1856133.2064482113
1487855.537964487,1268828.8752659308
1056984.1817528317,1223378.7636735393
933157.3392378044,917906.9185237894
1281308.3316020842,1113883.8158320216
1626893.547224179,1429968.6973039214
779106.0224899127,726632.2371565583
1734239.1383592023,1666219.1735271811
795082.8101752147,849749.0327855935
1914509.5209888024,2088544.1275157835
1836419.6406684609,1838095.6191546982
1006885.8444127028,888094.4237450138
1084255.6782722834,778384.2699575154
670734.6739512904,895677.1500258613
1070720.058487742,1270863.2294451809
1280230.6253682314,1260392.1540070637
1214320.5743640617,1156350.0571506587
1166558.3735827007,1362773.5141709382
1745516.1706263402,1766832.2431171695
1796009.5040461638,1666758.4064746378
1262494.286828816,1240021.3847321332
1162949.6789860271,1233252.9691419592
1363623.0442083713,1324859.2102370472
1587406.3028569715,1761489.219203435
938827.8008369108,978236.3545087096
1242316.9909078022,1195596.3494453244
1017722.997568472,872427.899027674
842924.5537726238,704272.8767386833
965074.8047437824,965917.2297991393
959416.4366620412,1199060.0769583965
738760.7474313262,671906.2844384164
1070818.731368435,1224740.22036188
861321.5806924718,741319.5979797235
1503327.000474601,1582741.87929481
1598159.2269511032,1606450.0723278588
1371521.619588533,1487143.3389884466
1314387.4066411434,1266370.4099478615
1656785.4477005391,1822916.2500214484
1646033.4101836402,1476882.0516265235
1480227.5472434366,1585893.908286822
1658695.141283088,1643464.8379823724
1639099.377623702,1754894.8592733247
879618.3222217519,927078.4538035477
710269.2139681028,754158.2975833672
866328.1313278642,995216.1058168192
1042373.5240960824,1061170.0625053127
1400104.8707602615,1334282.1393600316
1168627.6508344968,1171090.4042816372
1112194.7521798655,1003876.9682491682
931768.0455357102,867423.8592248796
1044017.4316455174,1195260.3536216002
834185.5784090377,853332.3968198495
1174949.860790675,1106234.94856712
1296240.1123716342,1238176.7181836404
1094879.7734913756,1025478.1723437728
1827899.1856764853,1879326.1132748323
1792254.8180047118,1971645.1575496467
1065150.786753825,1158740.9079991193
1467075.1685579268,1482183.494871684
1366714.3755527297,1246123.8679763172
1269486.3372270886,1248765.3374139126
2007639.4321368616,1857559.1842325814
1326946.7250139455,1188850.0219153957
991398.8218655172,982171.1373806763
1375467.2709967713,1356548.2902054172
1940933.472416056,2128370.7574471515
1376898.0583895228,1375638.5163287222
1316129.3090572683,1395740.8773952397
1032663.0030779238,1035028.7085934933
1447353.2638071163,1405510.7432164405
1325531.154513243,1378641.935568099
1053966.4254339284,1276748.5127103403
1401767.9042517585,1327165.224162906
1364738.2962113786,1293635.295148876
1014093.309964624,1000844.315044255
1424786.5085126874,1575329.5224575326
760876.0221585269,508030.697902936
1054856.0326670024,1075465.6203582296
1005946.7673244304,967479.748075021
752168.0688699826,730377.1651302828
749383.0725554076,780188.1536370046
1389047.5577764665,1378917.7145350603
944032.477262609,1082098.9073513066
1324022.0246243223,1249033.2748863026
1343605.8001820482,1403150.537172113
951781.3078080096,1015833.6299731368
1205568.3665622354,1146352.0595457563
1465223.509412894,1340985.7214638833
508951.5668799004,549605.3383922572
1690540.681753041,1585840.850455816
308199.89116387354,429992.2360885516
1032346.8698248024,1152973.021764127
1011331.1636193402,1054929.2861482939
1645843.0482722488,1562745.1728643617
1599416.0142626918,1775845.1007656595
1160526.0577474134,1100470.4222643678
1436995.2004509894,1334711.565157
869026.5819988098,858454.1713257222
1305185.544822347,1259520.5382609814
994107.8898057408,983661.1403595111
2004396.3723036903,1808344.7037459621
682632.8048559022,865965.4659676179
1969194.1242238204,1851183.7449667146
1443842.022648748,1373251.0486311698
1159526.154206157,1234082.9910090836
1299924.7977382322,1337597.7532581026
1158742.829939291,1135665.051265479
1067191.979946472,1023684.7577100764
1243239.0034040422,1130507.8619855675
1409038.9871176342,1548126.973908455
1166198.115612074,1146655.140266677
878862.7456844705,884418.4817254203
1405495.709974872,1360682.4138984857
1296645.374940565,1231886.7410477968
1016871.4149142244,969099.6073744153
1230363.2340835028,1147952.7825617995
1102943.3514449217,970462.5539158685
1458009.2105256943,1355155.5009860615
1236308.2799445027,1040969.3778560786
1451739.624652712,1267904.6313495003
1370274.3873120216,1307981.447708589
814378.4821120476,809107.0958681507
1550359.5484654682,1485866.778078638
1187090.9480935708,1212594.5951597616
1268125.8377629935,1227396.6312467419
2249122.541335193,2179276.4876421103
1410362.6130922115,1259103.7519718162
1248689.6011870943,1243723.2572580385
1518454.0603521024,1579542.1497597368
1500939.8265608612,1459117.104226538
1789607.526139889,1762007.5871797027
1306367.8106375176,1253482.9080865248
1584167.8513026517,1409270.335511703
524712.7660674525,526396.7105013244
1646565.0536213254,1572039.772888871
1552536.7639745462,1634838.6356272614
1306288.622680067,1198496.8570378437
823821.7863890536,932546.1875564987
1648201.727904935,1644485.293286384
1660770.001712214,1631950.275926603
1710924.3665235362,1528828.7454591081
1765988.2635372104,1751166.7169101592
1812765.9573904253,1688934.5374453412
625880.7320537643,834996.9466084656
602209.5750471331,791213.2552334857
739870.7936402658,885833.3749754988
1220987.0020716093,1033775.0834865235
828477.2913121369,773789.1839705799
1460364.2998845282,1507835.3825632185
956764.0140836356,857167.9253649786
1241483.6118732512,1280719.7805377576
1688093.2574580356,1653030.4145263024
1057347.1660527764,1003122.5218820153
831168.833673851,778839.1669565588
1110598.7546988558,1148386.6553685595
702321.7523214206,753336.6155509977
1060193.785884608,1059604.185589171
1565931.1916819147,1582250.0012933752
785460.697666195,886353.9616135494
918533.616385498,984655.9011684032
1675825.7208052117,1665178.56249634
1359838.9985787438,1209790.5853539007
324981.9929926853,486478.5709747444
1055772.870780992,1207528.012679806
1244563.274691745,1276612.7189500672
1145351.1612325564,1303991.2266072566
692229.4654976523,911070.3241197299
1670256.590157741,1587563.3017745065
1147908.5287110873,951182.6468792758
1245070.33791015,1415700.7615808202
1753820.6224521047,1941929.1106475554
1522099.830788929,1543151.777707534
1281378.1744748696,1286106.7895377977
325195.9428324207,428628.54204060324
988014.7560643204,1007360.4965140177
1433006.6454214435,1476013.533610303
1144937.6138049632,1065753.9849644965
1612717.553099336,1548655.807655443
697656.5924360289,990775.3257156257
1009809.9835965488,921456.4719550032
143027.36445248185,89836.34198846389
828497.0670960692,976140.0116955684
1491838.4944434683,1518169.0081971101
1223589.0460243686,1063822.4118046602
1900999.54590532,1786648.3515379438
1132983.9551551435,1336404.9686454525
817938.7774108642,882454.0786112938
1071537.3763820732,1125684.614960379
1099788.6980318588,1070301.6931864796
1303542.2825080787,1631059.9576348076
1712929.6543371202,1776774.026100887
1223261.46230481,1120029.7445856459
874969.6968663778,823559.1747658472
1196687.6867665497,1269140.6069085957
1108022.2823716998,1209314.188574572
1696717.1072993656,1906203.5908524916
994897.1126378578,945400.3675052659
759799.8758389656,756644.0323910946
1383842.185059596,1415439.5280924384
1555806.041797239,1459424.7461557598
1235593.2765775274,1273449.7557444242
1131532.919437162,1095182.0538726621
1258178.804411881,1192829.8666485092
1267443.3976117745,1212274.5099726333
1282365.4620236778,1503639.8631996615
674197.8519904646,812837.9914285927
1812960.4083440755,1663602.6883297889
1431915.977008168,1502422.7386522233
946556.2636948556,971910.774833831
1443907.7473837263,1251781.952592615
1236633.0865635795,1289900.5051688151
962081.4199995697,1051147.031750538
1768705.125279147,1663912.871796702
1095597.9438335,1213525.2613239419
642809.9667434745,805417.0626572105
684257.1110665329,752928.8565979218
1441421.912993609,1426697.695570501
1153135.2202940069,1249169.230541313
945252.1918038172,1049658.289923546
1341870.353786446,1284362.4925226974
1293461.7978863874,1307097.274315002
1244916.547543288,1316588.1639243462
1877073.574771984,1837752.8702834705
862407.8170122284,823238.2386024222
1182887.997321352,1229001.0148717659
1883469.2435416763,1763965.021932302
1264972.4420392748,1123426.8590062107
992773.7915703076,1069160.4898022152
670063.0223057014,811630.0696386425
491907.7943712191,628261.3008319805
1577849.5238022262,1609881.1735344315
676970.6909099207,501224.1072556479
1034366.7777318212,1066307.381543802
1541746.2905590518,1461652.6508937874
1638661.4319523938,1635437.8483242067
1770616.9299354246,1688122.7786506824
990893.1600715704,953289.434769819
1025705.1343197428,1185837.6605902612
762208.9847574959,886269.614171335
1535844.8961570102,1575799.1343045747
1330929.4721535884,1398068.5850885771
1813857.826361287,1737999.4814911317
1310764.111882944,1265741.6945722369
630943.4893385402,850276.9733584556
1325706.9008561426,1232402.425279683
994897.7277644676,1007471.4141538208
1081497.277414754,1075581.9652518127
972670.8133224328,1099964.8444624413
671671.7144903882,922499.5384301469
1519415.3527275834,1379994.6407625275
1529830.3684547062,1519116.2962955246
1070868.0665304598,989160.191474061
927978.9092449584,1014730.780122926
1644242.0241495387,1639720.5628075702
1363086.9045325571,1418492.3812105143
1550702.478402551,1611802.7851405023
1429383.3521743226,1519150.769015689
975913.105149714,1026721.4959025085
1155077.1310055435,1037940.453986946
1178553.6161792604,1248128.066387083
1469237.20519252,1513637.9226349671
1237902.8200737466,1123617.4233923368
913587.0974474044,1007223.1269590454
299863.0401311839,386094.0390144675
1082486.679285127,1066768.6601640442
578161.4955401686,724344.9751710263
1778013.334007159,1732791.4517939202
1566740.127921427,1478257.4452839303
1235681.7929598093,1136870.3658166155
1869313.1069877336,1740418.2709300676
701865.7729563166,577147.0903535434
1198572.866300251,1258329.5288894786
1598736.4001647802,1439904.6477430426
880132.8440062631,912215.5932996497
1100632.3911398223,1147514.8516223351
832559.7975509297,945800.7036356675
1660975.1714736663,1706895.826339637
1147442.9517715028,1329800.8604440065
1615346.750005374,1644611.0898180092
1989672.5239908115,2021017.2089515505
1358899.686177901,1212358.500303634
935488.606494803,1038255.3596753208
1308465.2400430096,1131340.7906369157
1012269.8201046892,1004042.7645181399
1736442.4799782694,1691180.1748454748
1261239.2721713646,1278441.690635561
1200961.8209226294,1119699.692671352
962747.1638994686,927234.7411079751
969678.5672887964,1020665.707162485
1956438.6514352525,1751081.757170626
554253.0540102996,760408.9661752619
1023965.4034107302,1014736.211501773
1159596.518619623,1127199.9954706687
627650.4025709751,624591.9431574563
2020158.3629418,1970113.3271518322
1199144.7879332034,1153734.8473533215
1011909.6944313496,1009652.8318234645
739027.6758369291,831145.6265964778
774674.0566597179,654549.5393543462
1519928.4853517166,1411226.0158265792
1226586.921412926,1221155.2219591774
476971.4559427722,717703.795044146
1618127.606868063,1583871.3688943796
1705546.4122133,1901395.992415159
1123851.141411446,1054624.7194335908
1657667.3321639488,1501393.9492653538
631712.7237814899,669131.4185569054
1184799.2714969371,1023039.1041943822
1546957.2264619076,1480706.4083037218
944186.159068424,1006303.3655824037
1169944.2477587468,1228924.9111991087
1168845.8151736828,1297421.1770654456
1675557.2712307854,1807010.903570176
2100698.0711571057,2041596.0595395537
846841.4564238227,948073.8134990484
1381085.72928298,1407174.1791925547
678721.8842424268,615776.8800702989
1412626.5187417814,1350482.8374393657
1596342.908747797,1561306.118371456
1151406.784332849,1024262.2856737948
1024787.9415573477,1208089.5045625716
590199.1722354505,629039.8817162341
1741105.6409449903,1724141.8184742862
2198564.5726747084,2042640.490165824
1138036.5950419137,1212089.047739408
1034779.1897331612,1078828.1718992512
921238.3583329738,886789.6685673487
1032180.378259136,984322.3923379793
1064509.5226208074,1111293.3247997663
1816217.0069766769,1712945.6679737726
1616937.0186876818,1822122.3646389814
1127174.7125458175,1029420.2967699077
1033864.6352881984,1024867.4203500212
1257101.592892312,1357367.3023706758
1108912.5146293468,1272468.6610511485
1165240.1780106246,1275735.8070761873
743999.8191601974,999470.6610530945
1836978.483060492,1821569.0600006273
1234531.6005033446,1152008.9293983206
1422890.0208853702,1455227.8889902127
1636996.0736033912,1465270.759429047
1424994.375415845,1413075.3871887168
851633.9109410639,741328.0411993205
1224778.6227969725,1223578.1367772706
1490539.0581097947,1595412.839050061
1371670.3893379816,1452456.0174138732
855423.9840217031,917561.0924809687
966620.5141106972,1142522.9147455017
1537864.8820073928,1420610.5442187535
426906.18286889006,572993.7374760835
809089.6719454966,830868.7349472689
1169265.146218866,1108636.3105521463
980983.2109523584,1135229.3934220653
549167.9398554484,704157.3423844539
823864.3877373383,851019.5774292736
1467959.5287906835,1566476.8382927803
822431.7302651771,965730.973182491
1550931.0678444891,1424922.879610899
1293746.8758661628,1264324.16964297
758262.6121106534,749553.5651986692
1479063.2137821943,1391588.3739774898
1759180.0436353062,1732555.3411565255
1864670.0740690704,1803791.8134819157
1569121.9165039782,1525026.481926232
1610217.177003238,1585833.4563164404
1637841.26200846,1728871.842695306
1381272.8805665972,1279088.1909854012
1948654.9355364973,1862421.9536485719
717213.2687989543,707867.6196196843
1880178.647341969,1871937.1733948253
1300303.4071226972,1165939.9096202068
1641473.6623413602,1721379.340014603
1447671.6746821608,1448286.503019873
1489520.0186356774,1515042.6920162407
777733.6134218425,746011.7890720684
151527.0826265551,372191.40626916755
1343824.2151443197,1365217.1514089853
1906024.636485015,1914519.5417888025
